id,category,finding,evidence_source,kind,parameter_dependence,robustness,allowed_wording,caveat
M1,1 Measured (real Dutch Sepsis log),"The laboratory-to-discharge-desk handoff is the largest single HANDOFF in the hospital: 637 discharges, 32.0h median, 102h p90, 1331 days absorbed in total.",src/03_department_handoffs.py -> outputs/03_department_handoffs.csv (B -> E),Measured,None,Single real log; no replication possible (it is real data),"""In a real Dutch hospital event log, the final handoff from the laboratory to the discharge desk ran at a 32-hour median across 637 discharges, with one in ten waiting more than four days.""","Dutch hospital, not Indian. Elapsed time between events only - it cannot be split into queueing vs processing (see M5). Department codes are anonymised letters decoded by cross-tabulation."
M2,1 Measured (real Dutch Sepsis log),55% of all in-hospital waiting time sits BETWEEN departments rather than inside them (45% internal / 55% handoff).,src/03_department_handoffs.py (internal vs handoff split),Measured,None,Single real log,"""More than half of the waiting time in a real hospital process was located between departments rather than within them - a coordination problem, which no single department owns.""",Computed after the episode cut that removes discharge-to-readmission time. Depends on org:group being correctly attributed.
M3,1 Measured (real Dutch Sepsis log),"Lab-to-lab repeat testing absorbs 2711 days, 44.6% of all measured waiting time - the largest single block. 71.8% of those gaps are exactly zero (batch data entry); the remainder has a 24.0h median.",src/03_department_handoffs.py -> outputs/03_department_handoffs.csv (B -> B),Measured,None,Single real log,"""Repeat laboratory testing accounted for the largest single block of waiting time in the log, and its distribution is bimodal: most gaps are batch data-entry artefacts, the rest are a genuine daily test cadence.""",The median alone is 0 and describes neither half. Quoting a single central figure for this edge is misleading - this is what made the first ranking metric wrong.
M4,1 Measured (real Dutch Sepsis log),"The pipeline reproduces published figures from Mannhardt & Blinde (2017): antibiotics 1-hour breach rate 58.44% vs published 58.5%; mean days to readmission 81.0 vs published 81.6. Tier A overall: 2 exact, 5 near, 5 documented discrepancies of 12.",src/04_validate_literature.py -> outputs/04_validation_report.csv,Measured (validation),None,"Primary source read in full; tolerance fixed at half the published digit, declared before computing","""The analysis pipeline reproduces the published antibiotics-breach rate for this dataset to within 0.1 percentage points, and the published mean readmission interval to within 0.7%.""","5 of 12 primary claims differ. All are COHORT-DEFINITION differences - the paper reads its percentages off a conformance-checked Petri net, we count directly. The 28-day return count (10.6% vs published 12.6%) is unexplained and must be reported as open."
M5,1 Measured (real Dutch Sepsis log),The real log CANNOT separate waiting from processing: lifecycle:transition is 100% filled but every value is 'complete'. There are no start events.,src/01_explore_sepsis.py,Measured,None,"Structural property of the dataset; proven, not assumed","""Public hospital event logs record one timestamp per event, so queueing time and processing time are fused and cannot be separated. This is the limitation the simulator exists to overcome.""",Applies to this log; other logs may carry lifecycle start events.
S1,2 Structural assumptions transferred to the synthetic model,"Ward repeat-test cadence of ~24h, measured on the real log, is used to SHAPE the synthetic ward round interval.",config/calibration.yaml measured_from_sepsis_log.repeat_test_interval_ward,"Assumption (structure borrowed, magnitude not claimed)",None,Measured on real data; transfer to an Indian setting is unvalidated,"""The synthetic model borrows the daily ward-testing rhythm observed in a real hospital log as process structure.""",Dutch magnitude. `applies_to: structure` in the calibration file. Must NOT be presented as an Indian hospital measurement.
S2,2 Structural assumptions transferred to the synthetic model,The insurance authorisation cycle is modelled as holding a bed while a request/review/query loop runs - the same SHAPE as the lab repeat loop measured in the real log.,src/07_generate_synthetic_log.py authorization_cycle(),Assumption (structural analogy),None,Not validated against any real insurance log,"""The insurance branch is modelled on the same rework-loop structure observed empirically in the clinical pathway.""","This is a modelling choice motivated by the project brief, not an observation of an Indian insurance desk. No real TPA log was available."
S3,2 Structural assumptions transferred to the synthetic model,The real log shows lab response tiering by requester (ER ~13 min; ICU wards 1.8-3.9h; general wards 18-35.5h). This was NOT transferred as a magnitude - it is recorded as evidence that ordering cadence differs by unit.,src/03_department_handoffs.py (X -> B by group),"Measured, deliberately NOT transferred",None,Consistent across ~11 independent ward codes,"""The interval between a ward event and the next laboratory event is an order of magnitude longer than for the emergency department, consistent with a daily ordering cycle rather than laboratory speed.""",CRITICAL: this interval fuses 'when the test was ordered' with 'how fast the lab ran it' (see M5). It is NOT evidence that the laboratory is slower for wards. Do not claim a 100x lab speed difference.
R1,3 Simulation results (independent of the unsourced parameter),"Blind planted-bottleneck recovery across 12 plants in 7 resources: 9/12 recovered at rank 1 by absolute ranking, 12/12 when ranked against a control. At rho >= 0.75: 8/8 with 0 false positives.","src/09_planted_bottleneck_test.py, src/10_robustness_sweep.py -> outputs/10_robustness_sweep.csv",Simulated (tool validation),None,"12 plants x 7 resources, severity controlled by rho; SINGLE SEED, single hospital configuration","""In blind tests the detection method recovered a deliberately planted bottleneck at every location tested once the affected resource exceeded roughly 75% utilisation, with no false positives.""","Below rho ~0.6-0.7 absolute ranking misses plants that a naturally busier department outranks - the method still SAW them (12/12 by growth against a control), so the limit is the absence of a baseline, not sensitivity. Not replicated across seeds."
R2,3 Simulation results (independent of the unsourced parameter),"Given only 'complete' events - the real-world data shape - the true bottleneck ranks #4, behind two scheduled ward-round cadences and one processing-dominated edge, none of which is a queue. Given the full schedule/start/complete lifecycle it ranks #1.",src/09_planted_bottleneck_test.py (legacy vs lifecycle views),Simulated,None,One plant; legacy ranks recorded for all 12 in outputs/10_robustness_sweep.csv,"""On data shaped like a real hospital log, the true bottleneck ranked fourth behind scheduled intervals that are not queues at all. With one additional timestamp per event recording when the patient joined the queue, it ranked first.""","Demonstrated on synthetic data where ground truth is known. The claim is about what the extra timestamp buys, not a measurement of any real hospital."
R3,3 Simulation results (independent of the unsourced parameter),"The simulator matches analytic queueing theory to within 6% once service-time variability is accounted for (M/G/c with the Pollaczek-Khinchine correction: predicted 19.4 min, observed 18.3 min).",src/09_planted_bottleneck_test.py scoring section,Simulated (model validation),None,"One resource, one severity","""Queue lengths produced by the simulation agree with analytic queueing theory to within 6%.""","The initial M/M/c prediction was 49% out because it assumes exponential service times; the model was right and the formula wrong. Report the correction, not just the agreement."
R4,3 Simulation results (independent of the unsourced parameter),Self-pay discharge cycle time is flat at 0.78-0.82h median with a maximum breach rate of 0.0% across all 30 baseline runs.,outputs/13_step5_robustness.csv,Simulated,None (q touches only the insurance branch),5 seeds x 6 sweep values = 30 runs,"""Self-pay discharge time is unaffected by the insurance parameter, as expected by construction - which serves as an internal control on the experiment.""","A property of the model's structure, not an empirical finding."
D1,4 Sensitivity-dependent results,"Cashless discharge is slower than self-pay in 30/30 runs, with the median gap ranging +1.46h to +15.06h across the swept range of q.","src/11_cashless_vs_selfpay.py, src/13_step5_robustness.py",Simulated (sensitivity-dependent),"document_query_probability q, UNSOURCED - swept 0.0 to 0.75",5 seeds x 6 values; holds in every single run,"""Across the full swept range of an unsourced parameter, and in every one of 30 replicate runs, cashless discharge took longer than self-pay - by between 1.5 and 15.1 hours.""","The MAGNITUDE depends entirely on an unsourced parameter. Only the direction and the range may be quoted, never a point estimate."
D2,4 Sensitivity-dependent results,"At q = 0 - no document queries at all, every authorisation approved first time - 24.4% of cashless patients (range 20.6-27.4% across seeds) still breach the IRDAI 3-hour rule, with a median of 2.32h.","outputs/13_step5_robustness.csv (q=0.0 rows, baseline)",Simulated,"NONE - this is the q=0 endpoint, the best case for the insurer",5 seeds; range 20.6-27.4%,"""Even assuming a perfect insurer that never requests a document twice, roughly a quarter of cashless patients still breach the three-hour discharge deadline, because the sequential authorisation process itself consumes the time.""","Conditional on the modelled service times for request preparation and TPA review, which are declared assumptions, and on an adequately staffed desk (see D4). Do not quote 26.6% - that was a single seed; the replicated figure is ~24%."
D3,4 Sensitivity-dependent results,"The q at which the MEDIAN cashless patient first breaches 3 hours is NOT stable across seeds: [0.3, 0.45] (4 of 5 seeds at 0.45, 1 at 0.30).",src/13_step5_robustness.py threshold-per-seed section,Simulated (sensitivity-dependent),High - this IS a statement about q,UNSTABLE across seeds - this is why replication was run,"""The median cashless patient crosses the three-hour deadline somewhere around a query probability of 0.3 to 0.45.""",Must be reported as a RANGE. The earlier single-seed claim of exactly q=0.45 was an artefact and should be corrected wherever it appears.
D4,4 Sensitivity-dependent results,"At baseline capacity the cashless delay is essentially all processing (queue share <= 2.6%). Under an understaffed TPA at rho ~ 0.90, queueing adds +0.00 to +0.80h to the median and, at q=0, raises the breach rate from 24.4% to 50.1%.",src/13_step5_robustness.py Experiment B -> outputs/13_step5_robustness.csv,Simulated (sensitivity-dependent),q AND capacity configuration,5 seeds x 6 values x 2 scenarios,"""Removing authorisation round trips is the larger lever, but staffing is what keeps a short process inside the deadline: a 45-minute queue roughly doubles the breach rate when the median already sits just under three hours.""","Integer capacities mean rho is not held perfectly constant (0.79-0.88), and server COUNT independently affects queueing through pooling - 4 servers at rho 0.88 queue worse than 7 at 0.79. The tight-scenario rows are therefore not perfectly comparable with each other."
D5,4 Sensitivity-dependent results,"Discharge delay attributable to the cashless route costs 1,588 excess bed-hours per 1,000 cashless admissions at the q=0 floor (range 1,538-1,640 across seeds), rising to 15,322 at the top of the swept range. Valued against an external Indian benchmark of INR 67,361/bed-day, that is INR 44.6 lakh to INR 4.3 crore per 1,000 admissions.",src/17_bed_hours.py -> outputs/17_bed_hours.csv; config/calibration.yaml economics.arpob_benchmark,Simulated x external benchmark,"q (unsourced, swept) AND the choice of benchmark ARPOB",5 seeds x 6 sweep values,"""Against a published Indian benchmark ARPOB of INR 67,361 per occupied bed day (Global Health Ltd, Q3 FY2026 (Oct-Dec 2025), SEBI-filed 2026-02-04), the discharge delay attributable to the cashless route is worth on the order of INR 44.6 lakh per 1,000 cashless admissions even assuming a perfect insurer.""","FOUR labels must travel with this number. (1) The benchmark is NOT this hospital's ARPOB - the bed-hours come from a synthetic hospital calibrated on a Dutch log. (2) Medanta is quaternary, high-acuity (ALOS 3.02 days), so the benchmark sits at the PREMIUM end and the figure is optimistic. (3) The company's definition excludes pharmacy and other income, biasing DOWN while (2) biases UP - they do not cancel in any known proportion. (4) Revenue is not profit and a freed bed is not automatically filled; this is an UPPER BOUND ON OPPORTUNITY."
X1,5 MUST NOT be claimed yet,"The rupee figure presented as THIS hospital's actual loss, saving, or recoverable cash.",config/calibration.yaml economics.arpob_of_study_hospital,BLOCKED (narrowed - see D5),n/a,n/a,"A rupee figure MAY now be quoted as an ILLUSTRATIVE BENCHMARK, naming the chain and quarter and carrying all four caveats in D5. It may NOT be attributed to the study hospital.",`arpob_benchmark` is verified against a SEBI filing and unblocks the illustrative calculation. `arpob_of_study_hospital` remains a placeholder and always will: the analysed log is a Dutch hospital that discloses no ARPOB. Revenue is also not profit - a freed bed-hour converts to cash only where demand is queueing for it.
X2,5 MUST NOT be claimed yet,Any point estimate of the cashless-vs-self-pay penalty.,config/calibration.yaml insurance_branch.preauth_query_loop_probability,BLOCKED,document_query_probability,n/a,"Only ranges across the swept parameter, as in D1 and D2.",q is unsourced. '+3.0 hours' or any similar single number is not a finding and must not appear in the report.
X3,5 MUST NOT be claimed yet,"Indian registration / consultation / pharmacy waiting times, ward length of stay, and payer mix.","config/calibration.yaml indian_process.*, simulation_assumptions.payment_mode_cashless_share",BLOCKED,n/a,n/a,NONE as empirical claims; usable only as declared model inputs.,"The CAG performance-audit report number, year and table are not yet locked. These are placeholders or assumptions, not measurements."
X4,5 MUST NOT be claimed yet,IRDAI clause 16(b) quoted verbatim.,config/calibration.yaml regulatory.breach_penalty,BLOCKED (partial),n/a,n/a,The 1-hour and 3-hour deadlines (clauses 15(b) and 16(a)) ARE verified and may be quoted verbatim with the circular reference IRDAI/HLT/CIR/PRO/84/5/2024 dated 29.05.2024.,One word was lost in text extraction from clause 16(b) ('borne by the insurer from [?] fund'). Confirm visually on the PDF before quoting that clause.
X5,5 MUST NOT be claimed yet,That the rho ~0.75 detection threshold generalises to other hospitals or configurations.,outputs/10_robustness_sweep.csv,BLOCKED,n/a,"Single configuration, single seed","""In the configuration tested, detection was reliable above roughly 75% utilisation."" - always with the scope stated.","All 12 plants share one baseline capacity set, one arrival rate and one seed. No confidence interval exists for the threshold."
